{"train/loss": 2.0646, "train/learning_rate": 4.705882352941177e-05, "train/epoch": 0.75, "train/global_step": 220, "_timestamp": 1691365150.757196, "_runtime": 883.5234999656677, "_step": 25, "eval/loss": 1.853224515914917, "eval/runtime": 22.5027, "eval/samples_per_second": 36.351, "eval/steps_per_second": 36.351, "_wandb": {"runtime": 898}}