{"train/loss": 2.175, "train/learning_rate": 4.75e-05, "train/epoch": 0.64, "train/global_step": 190, "_timestamp": 1691364155.2786722, "_runtime": 688.0075821876526, "_step": 18, "_wandb": {"runtime": 701}}