rouge1,rouge2,rougeL,rougeLsum
0.4623878791866375,0.22597439233843342,0.3848738723888919,0.3841434393077087
